source,input,target,output
q0,a,s23_a0_1,ε
q0,a,s24_a0_1,ε
q0,a,s24_a1_1,ε
q0,d,s21_a0_1,ε
q0,d,s21_a1_1,ε
q0,e,s25_a0_1,ε
q0,e,s25_a1_1,ε
q0,e,s25_a2_1,ε
q0,g,s20_a0_1,ε
q0,g,s20_a1_1,ε
q0,m,s22_a0_1,ε
q0,m,s22_a2_1,ε
q0,p,s22_a1_1,ε
q0,r,s19_a0_1,ε
q0,r,s19_a1_1,ε
q0,r,s19_a2_1,ε
s19_a0_1,e,s19_a0_2,ε
s19_a0_2,s,s19_a0_3,ε
s19_a0_3,t,s19_a0_4,ε
s19_a0_4, ,s19_a0_5,ε
s19_a0_5,a,s19_a0_6,ε
s19_a0_6,p,s19_a0_7,ε
s19_a0_7,i,s19_a0_8,REST_API
s19_a1_1,e,s19_a1_2,ε
s19_a1_2,s,s19_a1_3,ε
s19_a1_3,t,s19_a1_4,ε
s19_a1_4, ,s19_a1_5,ε
s19_a1_5,a,s19_a1_6,ε
s19_a1_6,p,s19_a1_7,ε
s19_a1_7,i,s19_a1_8,ε
s19_a1_8,s,s19_a1_9,REST_API
s19_a2_1,e,s19_a2_2,ε
s19_a2_10,i,s19_a2_11,REST_API
s19_a2_2,s,s19_a2_3,ε
s19_a2_3,t,s19_a2_4,ε
s19_a2_4,f,s19_a2_5,ε
s19_a2_5,u,s19_a2_6,ε
s19_a2_6,l,s19_a2_7,ε
s19_a2_7, ,s19_a2_8,ε
s19_a2_8,a,s19_a2_9,ε
s19_a2_9,p,s19_a2_10,ε
s20_a0_1,i,s20_a0_2,ε
s20_a0_2,t,s20_a0_3,GIT
s20_a1_1,i,s20_a1_2,ε
s20_a1_2,t,s20_a1_3,ε
s20_a1_3, ,s20_a1_4,ε
s20_a1_4,s,s20_a1_5,ε
s20_a1_5,c,s20_a1_6,ε
s20_a1_6,m,s20_a1_7,GIT
s21_a0_1,o,s21_a0_2,ε
s21_a0_2,c,s21_a0_3,ε
s21_a0_3,k,s21_a0_4,ε
s21_a0_4,e,s21_a0_5,ε
s21_a0_5,r,s21_a0_6,DOCKER
s21_a1_1,o,s21_a1_2,ε
s21_a1_10,k,s21_a1_11,ε
s21_a1_11,t,s21_a1_12,ε
s21_a1_12,o,s21_a1_13,ε
s21_a1_13,p,s21_a1_14,DOCKER
s21_a1_2,c,s21_a1_3,ε
s21_a1_3,k,s21_a1_4,ε
s21_a1_4,e,s21_a1_5,ε
s21_a1_5,r,s21_a1_6,ε
s21_a1_6, ,s21_a1_7,ε
s21_a1_7,d,s21_a1_8,ε
s21_a1_8,e,s21_a1_9,ε
s21_a1_9,s,s21_a1_10,ε
s22_a0_1,a,s22_a0_2,ε
s22_a0_10,a,s22_a0_11,ε
s22_a0_11,r,s22_a0_12,ε
s22_a0_12,n,s22_a0_13,ε
s22_a0_13,i,s22_a0_14,ε
s22_a0_14,n,s22_a0_15,ε
s22_a0_15,g,s22_a0_16,ε
s22_a0_16, ,s22_a0_17,ε
s22_a0_17,m,s22_a0_18,ε
s22_a0_18,o,s22_a0_19,ε
s22_a0_19,d,s22_a0_20,ε
s22_a0_2,c,s22_a0_3,ε
s22_a0_20,e,s22_a0_21,ε
s22_a0_21,l,s22_a0_22,ε
s22_a0_22,s,s22_a0_23,ML_MODEL
s22_a0_3,h,s22_a0_4,ε
s22_a0_4,i,s22_a0_5,ε
s22_a0_5,n,s22_a0_6,ε
s22_a0_6,e,s22_a0_7,ε
s22_a0_7, ,s22_a0_8,ε
s22_a0_8,l,s22_a0_9,ε
s22_a0_9,e,s22_a0_10,ε
s22_a1_1,r,s22_a1_2,ε
s22_a1_10, ,s22_a1_11,ε
s22_a1_11,m,s22_a1_12,ε
s22_a1_12,o,s22_a1_13,ε
s22_a1_13,d,s22_a1_14,ε
s22_a1_14,e,s22_a1_15,ε
s22_a1_15,l,s22_a1_16,ε
s22_a1_16,s,s22_a1_17,ML_MODEL
s22_a1_2,e,s22_a1_3,ε
s22_a1_3,d,s22_a1_4,ε
s22_a1_4,i,s22_a1_5,ε
s22_a1_5,c,s22_a1_6,ε
s22_a1_6,t,s22_a1_7,ε
s22_a1_7,i,s22_a1_8,ε
s22_a1_8,v,s22_a1_9,ε
s22_a1_9,e,s22_a1_10,ε
s22_a2_1,o,s22_a2_2,ε
s22_a2_10,e,s22_a2_11,ε
s22_a2_11,d,s22_a2_12,ε
s22_a2_12,i,s22_a2_13,ε
s22_a2_13,c,s22_a2_14,ε
s22_a2_14,t,s22_a2_15,ε
s22_a2_15,i,s22_a2_16,ε
s22_a2_16,v,s22_a2_17,ε
s22_a2_17,o,s22_a2_18,ε
s22_a2_18,s,s22_a2_19,ML_MODEL
s22_a2_2,d,s22_a2_3,ε
s22_a2_3,e,s22_a2_4,ε
s22_a2_4,l,s22_a2_5,ε
s22_a2_5,o,s22_a2_6,ε
s22_a2_6,s,s22_a2_7,ε
s22_a2_7, ,s22_a2_8,ε
s22_a2_8,p,s22_a2_9,ε
s22_a2_9,r,s22_a2_10,ε
s23_a0_1,p,s23_a0_2,ε
s23_a0_10,r,s23_a0_11,ε
s23_a0_11,k,s23_a0_12,APACHE_SPARK
s23_a0_2,a,s23_a0_3,ε
s23_a0_3,c,s23_a0_4,ε
s23_a0_4,h,s23_a0_5,ε
s23_a0_5,e,s23_a0_6,ε
s23_a0_6, ,s23_a0_7,ε
s23_a0_7,s,s23_a0_8,ε
s23_a0_8,p,s23_a0_9,ε
s23_a0_9,a,s23_a0_10,ε
s24_a0_1,p,s24_a0_2,ε
s24_a0_10,f,s24_a0_11,ε
s24_a0_11,l,s24_a0_12,ε
s24_a0_12,o,s24_a0_13,ε
s24_a0_13,w,s24_a0_14,AIRFLOW
s24_a0_2,a,s24_a0_3,ε
s24_a0_3,c,s24_a0_4,ε
s24_a0_4,h,s24_a0_5,ε
s24_a0_5,e,s24_a0_6,ε
s24_a0_6, ,s24_a0_7,ε
s24_a0_7,a,s24_a0_8,ε
s24_a0_8,i,s24_a0_9,ε
s24_a0_9,r,s24_a0_10,ε
s24_a1_1,i,s24_a1_2,ε
s24_a1_2,r,s24_a1_3,ε
s24_a1_3,f,s24_a1_4,ε
s24_a1_4,l,s24_a1_5,ε
s24_a1_5,o,s24_a1_6,ε
s24_a1_6,w,s24_a1_7,AIRFLOW
s25_a0_1,t,s25_a0_2,ε
s25_a0_2,l,s25_a0_3,ETL
s25_a1_1,x,s25_a1_2,ε
s25_a1_10,a,s25_a1_11,ε
s25_a1_11,n,s25_a1_12,ε
s25_a1_12,s,s25_a1_13,ε
s25_a1_13,f,s25_a1_14,ε
s25_a1_14,o,s25_a1_15,ε
s25_a1_15,r,s25_a1_16,ε
s25_a1_16,m,s25_a1_17,ε
s25_a1_17, ,s25_a1_18,ε
s25_a1_18,l,s25_a1_19,ε
s25_a1_19,o,s25_a1_20,ε
s25_a1_2,t,s25_a1_3,ε
s25_a1_20,a,s25_a1_21,ε
s25_a1_21,d,s25_a1_22,ETL
s25_a1_3,r,s25_a1_4,ε
s25_a1_4,a,s25_a1_5,ε
s25_a1_5,c,s25_a1_6,ε
s25_a1_6,t,s25_a1_7,ε
s25_a1_7, ,s25_a1_8,ε
s25_a1_8,t,s25_a1_9,ε
s25_a1_9,r,s25_a1_10,ε
s25_a2_1,x,s25_a2_2,ε
s25_a2_10, ,s25_a2_11,ε
s25_a2_11,t,s25_a2_12,ε
s25_a2_12,r,s25_a2_13,ε
s25_a2_13,a,s25_a2_14,ε
s25_a2_14,n,s25_a2_15,ε
s25_a2_15,s,s25_a2_16,ε
s25_a2_16,f,s25_a2_17,ε
s25_a2_17,o,s25_a2_18,ε
s25_a2_18,r,s25_a2_19,ε
s25_a2_19,m,s25_a2_20,ε
s25_a2_2,t,s25_a2_3,ε
s25_a2_20,a,s25_a2_21,ε
s25_a2_21,c,s25_a2_22,ε
s25_a2_22,i,s25_a2_23,ε
s25_a2_23,ó,s25_a2_24,ε
s25_a2_24,n,s25_a2_25,ε
s25_a2_25, ,s25_a2_26,ε
s25_a2_26,c,s25_a2_27,ε
s25_a2_27,a,s25_a2_28,ε
s25_a2_28,r,s25_a2_29,ε
s25_a2_29,g,s25_a2_30,ε
s25_a2_3,r,s25_a2_4,ε
s25_a2_30,a,s25_a2_31,ETL
s25_a2_4,a,s25_a2_5,ε
s25_a2_5,c,s25_a2_6,ε
s25_a2_6,c,s25_a2_7,ε
s25_a2_7,i,s25_a2_8,ε
s25_a2_8,ó,s25_a2_9,ε
s25_a2_9,n,s25_a2_10,ε
