source,input,target
b0_g0_before,PYTHON,b0_g0_before
b0_g0_before,PYTHON,b0_g0_seen
b0_g0_seen,PYTHON,b0_g0_seen
b0_g0_seen,ε,b0_g1_before
b0_g1_before,NUMPY,b0_g1_before
b0_g1_before,NUMPY,b0_g1_seen
b0_g1_before,PANDAS,b0_g1_before
b0_g1_before,PANDAS,b0_g1_seen
b0_g1_seen,NUMPY,b0_g1_seen
b0_g1_seen,PANDAS,b0_g1_seen
b0_g1_seen,ε,b0_g2_before
b0_g2_before,PYTORCH,b0_g2_before
b0_g2_before,PYTORCH,b0_g2_seen
b0_g2_before,TENSORFLOW,b0_g2_before
b0_g2_before,TENSORFLOW,b0_g2_seen
b0_g2_seen,PYTORCH,b0_g2_seen
b0_g2_seen,TENSORFLOW,b0_g2_seen
b0_g2_seen,ε,b0_g3_before
b0_g3_before,MYSQL,b0_g3_before
b0_g3_before,MYSQL,b0_g3_seen
b0_g3_before,POSTGRESQL,b0_g3_before
b0_g3_before,POSTGRESQL,b0_g3_seen
b0_g3_before,SQL,b0_g3_before
b0_g3_before,SQL,b0_g3_seen
b0_g3_seen,MYSQL,b0_g3_seen
b0_g3_seen,POSTGRESQL,b0_g3_seen
b0_g3_seen,SQL,b0_g3_seen
b0_g3_seen,ε,b0_g4_before
b0_g4_before,GIT,b0_g4_before
b0_g4_before,GIT,b0_g4_seen
b0_g4_seen,GIT,b0_g4_seen
b0_g4_seen,ε,qf
q0,ε,b0_g0_before
